no_pili,latitude,longitude
PJY-A-001,2.93678,101.69591
PJY-A-002,2.9362,101.69598
PJY-A-003,2.93474,101.69492
PJY-A-004,2.93444,101.69419
PJY-A-005,2.93441,101.69517
PJY-A-006,2.93454,101.69585
PJY-A-007,2.93478,101.69647
PJY-A-008,2.93537,101.69703
PJY-A-009,2.93609,101.6969
PJY-A-010,2.9369,101.69672
PJY-A-011,2.9374,101.69601
PJY-A-012,2.93746,101.6959
PJY-A-013,2.93712,101.69514
PJY-A-014,2.93697,101.69441
PJY-A-015,2.937041,101.693786
PJY-A-016,2.93568,101.69465
PJY-A-017,2.93519,101.69482
PJY-A-018,2.93527,101.69553
PJY-A-019,2.93546,101.69641
PJY-A-020,2.93641,101.69461
PJY-A-021,2.93861,101.69335
PJY-A-022,2.93838,101.69356
PJY-A-023,2.93769,101.69308
PJY-A-024,2.93787,101.69241
PJY-A-025,2.9378,101.69142
PJY-A-026,2.93859,101.69131
PJY-A-027,2.93944,101.69158
PJY-A-028,2.94023,101.69163
PJY-A-029,2.93961,101.69226
PJY-A-030,2.93902,101.69256
PJY-A-031,2.93937,101.69292
PJY-A-032,2.9394,101.69383
PJY-A-033,2.93909,101.69431
PJY-A-034,2.93767,101.7008
PJY-A-035,2.93748,101.69943
PJY-A-036,2.93631,101.69971
PJY-A-037,2.93681,101.69897
PJY-A-038,2.93616,101.69869
PJY-A-039,2.93571,101.6992
PJY-A-040,2.93536,101.69972
PJY-A-041,2.93462,101.70007
PJY-A-042,2.93539,101.70081
PJY-A-043,2.93708,101.70092
PJY-A-044,2.937115,101.700918
PJY-A-045,2.93775,101.70014
PJY-A-046,2.93612,101.70116
PJY-A-047,2.93667,101.70071
PJY-A-048,2.93711,101.7001
PJY-A-049,2.935045,101.698413
PJY-A-050,2.93564,101.6919
PJY-A-051,2.93491,101.69193
PJY-A-052,2.93442,101.69147
PJY-A-053,2.93448,101.69067
PJY-A-054,2.93507,101.69024
PJY-A-055,2.9354,101.69002
PJY-A-056,2.93586,101.69023
PJY-A-057,2.93606,101.69063
PJY-A-058,2.93614,101.69116
PJY-A-059,2.939,101.70358
PJY-A-060,2.93995,101.70462
PJY-A-061,2.93839,101.70598
PJY-A-062,2.93783,101.70554
PJY-A-063,2.93722,101.70515
PJY-A-064,2.93947,101.70544
PJY-A-065,2.93891,101.70562
PJY-A-066,2.9344,101.70557
PJY-A-067,2.93766,101.70504
PJY-A-068,2.93722,101.70477
PJY-A-069,2.93818,101.70522
PJY-A-070,2.93844,101.70377
PJY-A-071,2.93907,101.7043
PJY-A-072,2.93843,101.70341
PJY-A-073,2.93784,101.70313
PJY-A-074,2.93855,101.70363
PJY-A-075,2.938,101.7034
PJY-A-076,2.93657,101.70437
PJY-A-077,2.94319,101.69887
PJY-A-078,2.94082,101.69925
PJY-A-079,2.94032,101.6987
PJY-A-080,2.93984,101.69793
PJY-A-081,2.93983,101.69716
PJY-A-082,2.94043,101.69659
PJY-A-083,2.94125,101.69658
PJY-A-084,2.94204,101.69788
PJY-A-085,2.942,101.69784
PJY-A-086,2.94268,101.6983
PJY-A-087,2.9397,101.7008
PJY-A-088,2.94152,101.70592
PJY-A-089,2.94187,101.70546
PJY-A-090,2.93944,101.70495
PJY-A-091,2.94384,101.69527
PJY-A-092,2.94295,101.69375
PJY-A-093,2.94271,101.69264
PJY-A-094,2.94394,101.69432
PJY-A-095,2.94467,101.69502
PJY-A-096,2.94572,101.69552
PJY-A-097,2.94691,101.69553
PJY-A-098,2.95018,101.69958
PJY-A-099,2.95144,101.7041
PJY-A-100,2.94465,101.6934
PJY-A-101,2.94529,101.69431
PJY-A-102,2.942984,101.700241
PJY-A-103,2.94351,101.69971
PJY-A-104,2.94323,101.69936
PJY-A-105,2.94257,101.69997
PJY-A-106,2.945511,101.700225
PJY-A-107,2.946013,101.700107
PJY-A-108,2.94586,101.700942
PJY-A-109,2.945222,101.701248
PJY-A-110,2.945231,101.701755
PJY-A-111,2.944749,101.702011
PJY-A-112,2.9333,101.69032
PJY-A-113,2.932799,101.690046
PJY-A-114,2.93242,101.68999
PJY-A-115,2.9319,101.68987
PJY-A-116,2.93952,101.70535
PJY-A-117,2.944686,101.701332
PJY-A-118,2.94318,101.705786
PJY-A-119,2.94359,101.70699
PJY-A-120,2.94357,101.70634
PJY-A-121,2.94323,101.70589
PJY-A-122,2.94258,101.7059
PJY-A-123,2.94382,101.70721
PJY-A-124,2.94343,101.70745
PJY-A-125,2.94282,101.70747
PJY-A-126,2.94307,101.70796
PJY-A-127,2.94379,101.70797
PJY-A-128,2.94348,101.70843
PJY-A-129,2.94334,101.70888
PJY-A-130,2.94335,101.70959
PJY-A-131,2.94288,101.70963
PJY-A-132,2.9428,101.70872
PJY-A-133,2.94289,101.70967
PJY-A-134,2.94225,101.70937
PJY-A-135,2.94169,101.70913
PJY-A-136,2.94107,101.70858
PJY-A-137,2.94135,101.70834
PJY-A-138,2.94094,101.70795
PJY-A-139,2.9413,101.70754
PJY-A-140,2.941,101.70701
PJY-A-141,2.94174,101.70673
PJY-A-142,2.94232,101.70684
PJY-A-143,2.94093,101.70659
PJY-A-144,2.94203,101.70589
PJY-A-145,2.94244,101.70632
PJY-A-146,2.94276,101.7074
PJY-A-147,2.94224,101.70747
PJY-A-148,2.94251,101.7076
PJY-A-149,2.94168,101.7075
PJY-A-150,2.94188,101.70673
PJY-A-151,2.94173,101.70799
PJY-A-152,2.94265,101.70857
PJY-A-153,2.94026,101.70687
PJY-A-154,2.94049,101.70735
PJY-A-155,2.94049,101.70808
PJY-A-156,2.94043,101.70856
PJY-A-157,2.94609,101.71233
PJY-A-158,2.94775,101.71231
PJY-A-159,2.94738,101.71154
PJY-A-160,2.94742,101.71114
PJY-A-161,2.94794,101.71143000000001
PJY-A-162,2.94824,101.71095
PJY-A-163,2.94836,101.71012
PJY-A-164,2.94757,101.7102
PJY-A-165,2.94687,101.71078
PJY-A-166,2.94588,101.71109
PJY-A-167,2.94534,101.71161
PJY-A-168,2.94528,101.7123
PJY-A-169,2.94506,101.71286
PJY-A-170,2.94592,101.71284
PJY-A-171,2.94723,101.71288
PJY-A-172,2.943,101.69292
PJY-A-173,2.933146,101.6903
PJY-A-174,2.932662,101.690159
PJY-A-175,2.932235,101.69001
PJY-A-176,2.93836,101.70942
PJY-A-177,2.93848,101.70992
PJY-A-178,2.93883,101.71049
PJY-A-179,2.93964,101.71021
PJY-A-180,2.93985,101.70977
PJY-A-181,2.93959,101.70885
PJY-A-182,2.93821,101.71067
PJY-A-183,2.93777,101.71162
PJY-A-184,2.93778,101.71209
PJY-A-185,2.93854,101.71258
PJY-A-186,2.93993,101.71215
PJY-A-187,2.94015,101.71192
PJY-A-188,2.94114,101.71193
PJY-A-189,2.9416,101.71129
PJY-A-190,2.94118,101.71077
PJY-A-191,2.94037,101.71014
PJY-A-192,2.94571,101.71052
PJY-A-193,2.94545,101.71071
PJY-A-194,2.94446,101.709981
PJY-A-195,2.94448,101.71196
PJY-A-196,2.94454,101.71239
PJY-A-197,2.9442,101.71277
PJY-A-198,2.94392,101.71236
PJY-A-199,2.94382,101.71214
PJY-A-200,2.9439,101.71166
PJY-A-201,2.94406,101.71137
PJY-A-202,2.94427,101.7113
PJY-A-203,2.94453,101.7114
PJY-A-204,2.94533,101.70884
PJY-A-205,2.94523,101.70831
PJY-A-206,2.94551,101.70722
PJY-A-207,2.94594,101.70627
PJY-A-208,2.94632,101.70625
PJY-A-209,2.94593,101.70566
PJY-A-210,2.94628,101.70741
PJY-A-211,2.94603,101.70856
PJY-A-212,2.94597,101.70907
PJY-A-213,2.94618,101.70977
PJY-A-214,2.94627,101.70979
PJY-A-215,2.94639,101.70957
PJY-A-216,2.94635,101.70855
PJY-A-217,2.94697,101.708753
PJY-A-218,2.94545,101.70976
PJY-A-219,2.94528,101.70971
PJY-A-220,2.9454,101.7091
PJY-A-221,2.94524,101.7085
PJY-A-222,2.94504,101.70918
PJY-A-223,2.945047,101.71043
PJY-A-224,2.94678,101.70603
PJY-A-225,2.94509,101.70627
PJY-A-226,2.94503,101.70769
PJY-A-227,2.94495,101.70834
PJY-A-228,2.94481,101.70911
PJY-A-229,2.94481,101.70989
PJY-A-230,2.94457,101.71003
PJY-A-231,2.94525,101.71037
PJY-A-232,2.94668,101.71037
PJY-B-001,2.92579,101.69305
PJY-B-002,2.92553,101.69232
PJY-B-003,2.92604,101.69189
PJY-B-004,2.92671,101.69225
PJY-B-005,2.92686,101.69286
PJY-B-006,2.92642,101.69334
PJY-B-007,2.92463,101.69134
PJY-B-008,2.9252,101.69099
PJY-B-009,2.92576,101.69126
PJY-B-010,2.92578,101.69182
PJY-B-011,2.92518,101.69223
PJY-B-012,2.92437,101.69176
PJY-B-013,2.92766,101.68953
PJY-B-014,2.92838,101.68984
PJY-B-015,2.92911,101.69019
PJY-B-016,2.92988,101.69038
PJY-B-017,2.93,101.68992
PJY-B-018,2.92933,101.68948
PJY-B-019,2.928645,101.689157
PJY-B-020,2.92786,101.68932
PJY-B-021,2.92714,101.68941
PJY-B-022,2.92638,101.68911
PJY-B-023,2.92567,101.68894
PJY-B-024,2.925,101.68848
PJY-B-025,2.92457,101.68817
PJY-B-026,2.92546,101.68819
PJY-B-027,2.92566,101.68819
PJY-B-028,2.92699,101.68868
PJY-B-029,2.92798,101.68893
PJY-B-030,2.9293,101.68808
PJY-B-031,2.930162,101.68791
PJY-B-032,2.93066,101.68809
PJY-B-033,2.93073,101.68861
PJY-B-034,2.92922,101.68855
PJY-B-035,2.92988,101.68859
PJY-B-036,2.922806,101.688475
PJY-B-037,2.9224,101.68887
PJY-B-038,2.92153,101.68893
PJY-B-039,2.92153,101.68834
PJY-B-040,2.92233,101.68823
PJY-B-041,2.92028,101.6864
PJY-B-042,2.9202,101.68706
PJY-B-043,2.91987,101.68751
PJY-B-044,2.92001,101.68842
PJY-B-045,2.92063,101.68819
PJY-B-046,2.92088,101.68745
PJY-B-047,2.92082,101.68686
PJY-B-048,2.92025,101.68642
PJY-B-049,2.91987,101.68706
PJY-B-050,2.9199,101.68771
PJY-B-051,2.91963,101.68813
PJY-B-052,2.9189,101.68803
PJY-B-053,2.919277,101.687339
PJY-B-054,2.9192,101.68677
PJY-B-055,2.91962,101.68642
PJY-B-056,2.92155,101.68588
PJY-B-057,2.92181,101.6852
PJY-B-058,2.92151,101.68461
PJY-B-059,2.921066,101.685228
PJY-B-060,2.92072,101.68566
PJY-B-061,2.92069,101.68578
PJY-B-062,2.92106,101.68481
PJY-B-063,2.92124,101.68449
PJY-B-064,2.92056,101.6841
PJY-B-065,2.92015,101.68461
PJY-B-066,2.91995,101.68546
PJY-B-067,2.92017,101.6856
PJY-B-068,2.91827,101.68607
PJY-B-069,2.91793,101.68568
PJY-B-070,2.91703,101.68554
PJY-B-071,2.929467,101.686817
PJY-B-072,2.91641,101.68536
PJY-B-073,2.91616,101.68604
PJY-B-074,2.91642,101.68658
PJY-B-075,2.91701,101.68645
PJY-B-076,2.9172,101.68678
PJY-B-077,2.91691,101.68729
PJY-B-078,2.91649,101.68708
PJY-B-079,2.91795,101.68661
PJY-B-080,2.929197,101.687527
PJY-B-081,2.929578,101.687421
PJY-B-082,2.928773,101.687615
PJY-B-083,2.928396,101.687575
PJY-B-084,2.92854,101.686959
PJY-B-085,2.928987,101.686786
PJY-B-086,2.922592,101.687311
PJY-B-087,2.923202,101.687411
PJY-B-088,2.923656,101.68776
PJY-B-089,2.924467,101.687999
PJY-B-090,2.924148,101.688305
PJY-B-091,2.923552,101.688052
PJY-B-092,2.923008,101.687945
PJY-B-093,2.92226,101.687962
PJY-B-094,2.923566,101.688363
PJY-B-095,2.923033,101.688637
PJY-B-096,2.918912,101.688622
PJY-B-097,2.91927,101.689012
PJY-C-001,2.918427,101.681518
PJY-C-002,2.9189,101.68045
PJY-C-003,2.91963,101.68202
PJY-C-004,2.92004,101.68092
PJY-C-005,2.9174,101.68246
PJY-C-006,2.91755,101.6819
PJY-C-007,2.91882,101.68208
PJY-C-008,2.91827,101.68259
PJY-C-009,2.91791,101.68282
PJY-C-010,2.917217,101.684297
PJY-C-011,2.91683,101.68433
PJY-C-012,2.91642,101.68336
PJY-C-013,2.91688,101.68387
PJY-C-014,2.91765,101.68416
PJY-C-015,2.918064,101.683807
PJY-C-016,2.918644,101.684452
PJY-C-017,2.918825,101.684095
PJY-C-018,2.919087,101.684466
PJY-C-019,2.91883,101.685031
PJY-C-020,2.918459,101.684925
PJY-C-021,2.918077,101.684566
PJY-C-022,2.917644,101.684385
PJY-C-023,2.916161,101.684213
PJY-C-024,2.91655,101.684141
PJY-C-025,2.916574,101.683741
PJY-C-026,2.916693,101.683329
PJY-C-027,2.915985,101.683498
PJY-C-028,2.919138,101.686042
PJY-C-029,2.91893,101.687063
PJY-C-030,2.919962,101.685258
PJY-C-031,2.91967,101.68457
PJY-C-032,2.919128,101.685158
PJY-C-033,2.920363,101.68425
PJY-C-034,2.919858,101.6838
PJY-C-035,2.919438,101.684054
PJY-C-036,2.919588,101.684403
PJY-C-037,2.91738,101.68191
PJY-C-038,2.91716,101.68239
PJY-C-039,2.91718,101.68188
PJY-C-040,2.91679,101.68166
PJY-C-041,2.91661,101.68228
PJY-D-001,2.91361,101.6841
PJY-D-002,2.91329,101.6851
PJY-D-003,2.91374,101.68565
PJY-D-004,2.91387,101.68503
PJY-D-005,2.91439,101.68446
PJY-D-006,2.9144,101.68454
PJY-D-007,2.914199,101.685337
PJY-D-008,2.91401,101.685883
PJY-D-009,2.91444,101.6861
PJY-D-010,2.91493,101.68552
PJY-D-011,2.91517,101.68467
PJY-D-012,2.91473,101.68433
PJY-D-013,2.912816,101.68474
PJY-D-014,2.913223,101.684113
PJY-D-015,2.912455,101.683788
PJY-D-016,2.912244,101.684532
PJY-D-017,2.902899,101.681821
PJY-D-018,2.903288,101.681791
PJY-D-019,2.903457,101.681515
PJY-D-020,2.90267,101.681618
PJY-D-021,2.91544,101.683838
PJY-D-022,2.915755,101.683209
PJY-D-023,2.915341,101.682251
PJY-D-024,2.915727,101.68228
PJY-D-025,2.914861,101.682544
PJY-D-026,2.914363,101.6828
PJY-D-027,2.91416,101.683348
PJY-D-028,2.914363,101.683613
PJY-D-029,2.914668,101.683474
PJY-D-030,2.914888,101.683508
PJY-D-031,2.914766,101.683248
PJY-D-032,2.914957,101.682854
PJY-D-033,2.915233,101.682789
PJY-D-034,2.912606,101.684942
PJY-D-035,2.9118,101.68497
PJY-D-036,2.912365,101.685496
PJY-D-037,2.91381,101.686553
PJY-D-038,2.913095,101.686183
PJY-D-039,2.904853,101.680405
PJY-D-040,2.902601,101.680399
PJY-D-041,2.902271,101.680537
PJY-D-042,2.902525,101.680177
PJY-D-043,2.546051,101.409707
PJY-E-000,2.5319,101.4033
PJY-E-001,2.89326,101.67583
PJY-E-002,2.89379,101.67546
PJY-E-003,2.89479,101.67577
PJY-E-004,2.89334,101.6776
PJY-E-005,2.89361,101.67622
PJY-E-006,2.89275,101.6766
PJY-E-007,2.89535,101.67794
PJY-E-008,2.89564,101.67711
PJY-E-009,2.89378,101.67899
PJY-E-010,2.89376,101.67842
PJY-E-011,2.89459,101.67834
PJY-E-012,2.89513,101.6779
PJY-E-013,2.89478,101.67764
PJY-E-014,2.89401,101.67754
PJY-E-015,2.89389,101.67696
PJY-E-016,2.89448,101.6766
PJY-E-017,2.89491,101.67704
PJY-E-018,2.89541,101.677
PJY-E-019,2.89528,101.67633
PJY-E-020,2.89568,101.67749
PJY-E-021,2.89312,101.67819
PJY-E-022,2.88882,101.66813
PJY-E-023,2.896,101.67926
PJY-E-024,2.88812,101.67485
PJY-E-025,2.8885,101.673796
PJY-E-026,2.88876,101.67295
PJY-E-027,2.889257,101.67273
PJY-E-028,2.8895,101.67365
PJY-E-029,2.88942,101.67469
PJY-E-030,2.88899,101.67516
PJY-E-031,2.88847,101.675166
PJY-E-032,2.889245,101.665413
PJY-E-033,2.932801,101.673656
PJY-E-034,2.89834,101.66871
PJY-E-035,2.897784,101.66857
PJY-E-036,2.89721,101.66842
PJY-E-037,2.89654,101.66833
PJY-E-038,2.89608,101.66822
PJY-E-039,2.89624,101.66756
PJY-E-040,2.89705,101.66778
PJY-E-041,2.89792,101.66788
PJY-E-042,2.89604,101.66441
PJY-E-043,2.89529,101.66412
PJY-E-044,2.89493,101.66383
PJY-E-045,2.89464,101.66304
PJY-E-046,2.8952,101.66251
PJY-E-047,2.89581,101.662
PJY-E-048,2.89627,101.66219
PJY-E-049,2.89571,101.66276
PJY-E-050,2.89562,101.66322
PJY-E-051,2.8961,101.66379
PJY-E-052,2.89836,101.66541
PJY-E-053,2.89919,101.66575
PJY-E-054,2.89936,101.66583
PJY-E-055,2.900016,101.66249
PJY-E-056,2.89958,101.66248
PJY-E-057,2.89892,101.66248
PJY-E-058,2.89786,101.66149
PJY-E-059,2.89782,101.66097
PJY-E-060,2.89725,101.66158
PJY-E-061,2.89186,101.66073
PJY-E-062,2.89898,101.66034
PJY-E-063,2.89996,101.66046
PJY-E-064,2.9004,101.66124
PJY-E-065,2.89987,101.6616
PJY-E-066,2.532447,101.404427
PJY-E-067,5.5319,101.4033
PJY-E-068,2.5318,101.4033
PJY-E-069,2.5318,101.4037
PJY-E-070,2.533135,101.406483
PJY-E-071,2.5319,101.4042
PJY-E-072,2.533354,101.407394
PJY-E-073,2.532,101.4046
PJY-E-074,2.5317,101.4047
PJY-E-075,2.533269,101.407991
PJY-E-076,2.5317,101.4044
PJY-E-077,2.532776,101.406972
PJY-E-078,2.5316,101.4039
PJY-E-079,2.532752,101.406025
PJY-E-080,2.532752,101.406025
PJY-F-001,2.90414,101.66863
PJY-F-002,2.90345,101.66795
PJY-F-003,2.90146,101.6672
PJY-F-004,2.90066,101.66753
PJY-G-001,2.93297,101.67384
PJY-G-002,2.93263,101.67454
PJY-G-003,2.93172,101.67442
PJY-G-004,2.93209,101.67324
PJY-G-005,2.93302,101.67322
PJY-G-006,2.9298,101.67344
PJY-G-007,2.92902,101.67381
PJY-G-008,2.93018,101.67319
PJY-G-009,2.93014,101.67367
PJY-G-010,2.93029,101.67399
PJY-G-011,2.92867,101.67416
PJY-G-012,2.92836,101.67479
PJY-G-013,2.92864,101.6753
PJY-G-014,2.92927,101.67519
PJY-G-015,2.929616,101.674657
PJY-G-016,2.929747,101.674288
PJY-G-017,2.93047,101.67528
PJY-G-018,2.93019,101.67571
PJY-G-019,2.930965,101.675184
PJY-G-020,2.93014,101.6759
PJY-G-021,2.93052,101.67612
PJY-G-022,2.93106,101.6757
PJY-G-023,2.93127,101.67642
PJY-G-024,2.93159,101.67574
PJY-G-025,2.93156,101.67503
PJY-G-026,2.93182,101.67498
PJY-G-027,2.93125,101.6749
PJY-G-028,2.932476,101.670706
PJY-G-029,2.932476,101.670706
PJY-G-030,2.933194,101.670764
PJY-G-031,2.933457,101.669744
PJY-G-032,2.932631,101.669597
PJY-G-033,2.931918,101.66946
PJY-G-034,2.931665,101.670102
PJY-G-035,2.93156,101.66924
PJY-G-036,2.93154,101.66991
PJY-G-037,2.93099,101.67043
PJY-G-038,2.932319,101.673848
PJY-G-039,2.931391,101.674385
PJY-G-040,2.931402,101.673507
PJY-G-041,2.928048,101.672792
PJY-G-042,2.927271,101.672504
PJY-G-043,2.926738,101.673212
PJY-G-044,2.926235,101.673987
PJY-G-045,2.92577,101.675187
PJY-G-046,2.926318,101.674836
PJY-G-047,2.926398,101.675386
PJY-G-048,2.927131,101.674346
PJY-G-049,2.927532,101.673653
PJY-G-050,2.559561,101.405134
PJY-G-051,2.559429,101.405421
PJY-G-052,2.55935,101.405813
PJY-G-053,2.558678,101.405449
PJY-G-054,2.559082,101.405921
PJY-G-055,2.559287,101.405388
PJY-G-056,2.55965,101.404956
PJY-H-001,2.94046,101.68707
PJY-H-002,2.94071,101.68742
PJY-H-003,2.94079,101.68799
PJY-H-004,2.94059,101.6883
PJY-H-005,2.93966,101.68435
PJY-H-006,2.93964,101.68495
PJY-H-007,2.90908,101.68465
PJY-H-008,2.939013,101.6855
PJY-H-009,2.93862,101.68453
PJY-H-010,2.93848,101.68497
PJY-H-011,2.93869,101.68587
PJY-H-012,2.94028,101.6843
PJY-H-013,2.94032,101.68521
PJY-H-014,2.94008,101.68287
PJY-H-015,2.94032,101.68266
PJY-H-016,2.94085,101.68268
PJY-H-017,2.94075,101.68319
PJY-H-018,2.94054,101.68376
PJY-H-019,2.94004,101.68366
PJY-H-020,2.93951,101.68339
PJY-H-021,2.93902,101.6833
PJY-H-022,2.938847,101.683776
PJY-H-023,2.93885,101.68322
PJY-H-024,2.93738,101.6833
PJY-H-025,2.9372,101.68416
PJY-H-026,2.93702,101.68467
PJY-H-027,2.93753,101.68264
PJY-H-028,2.93764,101.6822
PJY-H-029,2.93814,101.6815
PJY-H-030,2.93827,101.68245
PJY-H-031,2.93807,101.68318
PJY-H-032,2.93782,101.68438
PJY-H-033,2.9379,101.68391
PJY-H-034,2.938978,101.681573
PJY-H-035,2.93974,101.68176
PJY-H-036,2.93879,101.68269
PJY-H-037,2.939111,101.682322
PJY-H-038,2.93261,101.67952
PJY-H-039,2.93221,101.67896
PJY-H-040,2.93189,101.67921
PJY-H-041,2.93147,101.67936
PJY-H-042,2.93106,101.6799
PJY-H-043,2.93106,101.6799
PJY-H-044,2.93155,101.68056
PJY-H-045,2.93206,101.68002
PJY-H-046,2.930963,101.680727
PJY-H-047,2.931973,101.680393
PJY-H-048,2.932731,101.679743
PJY-H-049,2.933065,101.679316
PJY-H-050,2.93952,101.6825
PJY-H-051,2.93893,101.68292
PJY-H-052,2.9397,101.68314
PJY-H-053,2.93997,101.68233
PJY-H-054,2.94048,101.68234
PJY-H-055,2.93988,101.68273
PJY-H-056,2.93922,101.68346
PJY-H-057,2.93226,101.681292
PJY-H-058,2.931975,101.680934
PJY-H-059,2.93937,101.68349
PJY-H-060,2.93345,101.681162
PJY-H-061,2.93252,101.68182
PJY-H-062,2.93363,101.6825
PJY-H-063,2.93305,101.68186
PJY-H-064,2.93347,101.68149
PJY-H-065,2.93251,101.68206
PJY-H-066,2.93312,101.68287
PJY-H-067,2.93387,101.68192
PJY-H-068,2.93395,101.68469
PJY-H-069,2.93343,101.68334
PJY-H-070,2.93402,101.6823
PJY-H-071,2.93453,101.68221
PJY-H-072,2.93434,101.68311
PJY-H-073,2.93427,101.68406
PJY-H-074,2.934766,101.683572
PJY-H-075,2.93502,101.68271
PJY-H-076,2.93528,101.68159
PJY-H-077,2.93553,101.68041
PJY-H-078,2.93477,101.68115
PJY-H-079,2.93498,101.68021
PJY-H-080,2.93417,101.68024
PJY-H-081,2.93454,101.67966
PJY-H-082,2.93392,101.67958
PJY-H-083,2.93399,101.68078
PJY-H-084,2.93409,101.68135
PJY-H-085,2.93341,101.68019
PJY-H-086,2.93958,101.68777
PJY-H-087,2.93797,101.68637
PJY-H-088,2.93828,101.68692
PJY-H-089,2.93896,101.68695
PJY-H-090,2.9389,101.68772
PJY-H-091,2.93836,101.68746
PJY-H-092,2.93726,101.68635
PJY-H-093,2.93774,101.68577
PJY-H-094,2.93704,101.68559
PJY-H-095,2.937747,101.685261
PJY-H-096,2.937641,101.686995
PJY-H-097,2.93162,101.68221
PJY-H-098,2.930665,101.682337
PJY-H-099,2.9413,101.69591
PJY-H-100,2.92963,101.6787
PJY-H-101,2.92824,101.67809
PJY-H-102,2.9295,101.67755
PJY-H-103,2.93024,101.6779
PJY-H-104,2.93078,101.67815
PJY-H-105,2.93094,101.7881
PJY-H-106,2.93055,101.6795
PJY-H-107,2.92987,101.67982
PJY-H-108,2.92955,101.67903
PJY-H-109,2.92991,101.67899
PJY-H-110,2.93361,101.68584
PJY-H-111,2.93319,101.6852
PJY-H-112,2.93344,101.68594
PJY-H-113,2.93357,101.68666
PJY-H-114,2.93289,101.68582
PJY-H-115,2.93048,101.68185
PJY-H-116,2.93113,101.68143
PJY-H-117,2.93035,101.68101
PJY-H-118,2.932576,101.680453
PJY-H-119,2.932872,101.680768
PJY-H-120,2.932598,101.684447
PJY-H-121,2.932035,101.682957
PJY-H-122,2.931066,101.684261
PJY-H-123,2.931948,101.684706
PJY-H-124,2.931479,101.684894
PJY-H-125,2.931113,101.684853
PJY-H-126,2.930516,101.684315
PJY-H-127,2.930977,101.683882
PJY-H-128,2.930201,101.683742
PJY-H-129,2.930521,101.68366
PJY-H-130,2.931154,101.683011
PJY-H-131,2.931607,101.682614
PJY-H-132,2.931894,101.683228
PJY-H-133,2.930742,101.683237
PJY-H-134,2.931269,101.683951
PJY-H-135,2.928438,101.680887
PJY-H-136,2.929163,101.681013
PJY-H-137,2.929595,101.680488
PJY-H-138,2.929099,101.680017
PJY-H-139,2.927991,101.681507
PJY-H-140,2.928647,101.681625
PJY-H-141,2.928345,101.682312
PJY-H-142,2.928245,101.682633
PJY-H-143,2.926117,101.681983
PJY-H-144,2.92671,101.682378
PJY-H-145,2.927413,101.682378
PJY-H-146,2.925455,101.681702
PJY-H-147,2.925842,101.68142
PJY-H-148,2.925761,101.681037
PJY-H-149,2.926752,101.681704
PJY-H-150,2.9273,101.681907
PJY-H-151,2.925105,101.681176
PJY-H-152,2.924866,101.681404
PJY-H-153,2.925524,101.680411
PJY-H-154,2.925524,101.680411
PJY-H-155,2.925438,101.679713
PJY-H-156,2.92509,101.679601
PJY-H-157,2.925426,101.67921
PJY-H-158,2.925677,101.678739
PJY-H-159,2.925839,101.678456
PJY-H-160,2.9267,101.67978
PJY-H-161,2.92649,101.67976
PJY-H-162,2.92654,101.67873
PJY-H-163,2.92726,101.67902
PJY-H-164,2.92783,101.67929
PJY-H-165,2.92795,101.68005
PJY-H-166,2.92707,101.68106
PJY-H-167,2.93625,101.68143
PJY-H-168,2.93576,101.68211
PJY-H-169,2.93547,101.68264
PJY-H-170,2.93549,101.68327
PJY-H-171,2.93616,101.68326
PJY-H-172,2.93628,101.6824
PJY-H-173,2.93621,101.68102
PJY-H-174,2.93682,101.68145
PJY-H-175,2.93477,101.685
PJY-H-176,2.93497,101.68564
PJY-H-177,2.93507,101.68589
PJY-H-178,2.93581,101.68534
PJY-H-179,2.93585,101.68419
PJY-H-180,2.93526,101.68451
PJY-H-181,2.24533,101.70884
PJY-I-001,2.94461,101.67978
PJY-I-002,2.94564,101.68003
PJY-I-003,2.94619,101.67962
PJY-I-004,2.94685,101.6806
PJY-I-005,2.94602,101.68101
PJY-I-006,2.94597,101.68157
PJY-I-007,2.94572,101.68214
PJY-I-008,2.94608,101.68255
PJY-I-009,2.94585,101.6833
PJY-I-010,2.94718,101.68298
PJY-I-011,2.94793,101.68407
PJY-I-012,2.94715,101.68374
PJY-I-013,2.94876,101.68407
PJY-I-014,2.94907,101.683
PJY-I-015,2.94723,101.68203
PJY-I-016,2.94782,101.6825
PJY-I-017,2.94765,101.68132
PJY-I-018,2.94848,101.68216
PJY-I-019,2.9467,101.68263
PJY-I-020,2.94669,101.6815
PJY-I-021,2.94619,101.67921
PJY-I-022,2.94537,101.67888
PJY-I-023,2.94473,101.6792
PJY-I-024,2.94436,101.67834
PJY-I-025,2.94523,101.67853
PJY-I-026,2.94359,101.67844
PJY-I-027,2.9422,101.67757
PJY-I-028,2.94222,101.67724
PJY-I-029,2.9435,101.6779
PJY-I-030,2.94284,101.67775
PJY-I-031,2.94245,101.67676
PJY-I-032,2.94166,101.67676
PJY-I-033,2.94125,101.67651
PJY-I-034,2.94167,101.67585
PJY-I-035,2.94212,101.67616
PJY-I-036,2.94599,101.6783
PJY-I-037,2.94649,101.67883
PJY-I-038,2.935336,101.672559
PJY-I-039,2.93522,101.67234
PJY-I-040,2.94424,101.68075
PJY-I-041,2.94346,101.68066
PJY-I-042,2.94273,101.68054
PJY-I-043,2.94232,101.68137
PJY-I-044,2.94308,101.68215
PJY-I-045,2.94373,101.68154
PJY-I-046,2.94472,101.68181
PJY-I-047,2.94462,101.68124
PJY-I-048,2.94406,101.68192
PJY-I-049,2.94367,101.68221
PJY-I-050,2.94464,101.68269
PJY-I-051,2.94522,101.6826
PJY-I-052,2.9438,101.67611
PJY-I-053,2.94368,101.6766
PJY-I-054,2.94419,101.67718
PJY-I-055,2.94343,101.67625
PJY-I-056,2.94307,101.67574
PJY-I-057,2.93628,101.67326
PJY-I-058,2.94301,101.67527
PJY-I-059,2.94269,101.67533
PJY-I-060,2.94233,101.67482
PJY-I-061,2.94219,101.67451
PJY-I-062,2.94251,101.67394
PJY-I-063,2.94296,101.67355
PJY-I-064,2.94343,101.67484
PJY-I-065,2.94375,101.67559
PJY-I-066,2.94308,101.67417
PJY-I-067,2.944125,101.674402
PJY-I-068,2.944389,101.674918
PJY-I-069,2.94492,101.67477
PJY-I-070,2.94486,101.67377
PJY-I-071,2.94481,101.67377
PJY-I-072,2.94546,101.675
PJY-I-073,2.945417,101.674498
PJY-I-074,2.94002,101.671121
PJY-I-075,2.939145,101.670954
PJY-I-076,2.938764,101.671565
PJY-I-077,2.9394,101.671618
PJY-I-078,2.940351,101.670844
PJY-I-079,2.93767,101.67171
PJY-I-080,2.93659,101.67171
PJY-I-081,2.93762,101.67185
PJY-I-082,2.93801,101.67256
PJY-I-083,2.93681,101.67252
PJY-I-084,2.93844,101.67258
PJY-I-085,2.94016,101.67073
PJY-I-086,2.9401,101.671872
PJY-I-087,2.94068,101.67283
PJY-I-088,2.94094,101.6726
PJY-I-089,2.938594,101.673785
PJY-I-090,2.94083,101.67345
PJY-I-091,2.94142,101.67303
PJY-I-092,2.94171,101.67278
PJY-I-093,2.94097,101.67391
PJY-I-094,2.9409,101.67382
PJY-I-095,2.94158,101.67399
PJY-I-096,2.94189,101.67359
PJY-I-097,2.942339,101.673031
PJY-I-098,2.940656,101.671166
PJY-I-099,2.9447,101.67765
PJY-I-100,2.94515,101.67712
PJY-I-101,2.94562,101.67675
PJY-I-102,2.94566,101.67675
PJY-I-103,2.94567,101.67619
PJY-I-104,2.94544,101.67544
PJY-I-105,2.94504,101.67555
PJY-I-106,2.94455,101.67551
PJY-I-107,2.94471,101.67619
PJY-I-108,2.94473,101.67667
PJY-I-109,2.94379,101.6739
PJY-I-110,2.94345,101.67348
PJY-I-111,2.94377,101.67325
PJY-I-112,2.94334,101.67313
PJY-I-113,2.94299,101.67291
PJY-I-114,2.9442,101.67281
PJY-I-115,2.94444,101.67219
PJY-I-116,2.94397,101.67155
PJY-I-117,2.94347,101.67139
PJY-I-118,2.94287,101.67178
PJY-I-119,2.94265,101.67238
PJY-I-120,2.94536,101.67391
PJY-I-121,2.94523,101.6726
PJY-I-122,2.94525,101.67297
PJY-I-123,2.94529,101.67336
PJY-I-124,2.94518,101.6722
PJY-I-125,2.94511,101.67173
PJY-I-126,2.9451,101.67169
PJY-I-127,2.94175,101.67136
PJY-I-128,2.94417,101.67363
PJY-I-129,2.94446,101.67333
PJY-I-130,2.944792,101.67297
PJY-I-131,2.94056,101.67147
PJY-I-132,2.94266,101.67789
PJY-I-133,2.94234,101.67818
PJY-I-134,2.94674,101.6836
PJY-I-135,2.93614,101.67361
PJY-I-136,2.93511,101.67359
PJY-I-137,2.93496,101.67323
PJY-I-138,2.93554,101.67326
PJY-I-139,2.93432,101.67326
PJY-I-140,2.93446,101.6739
PJY-I-141,2.9348,101.67438
PJY-I-142,2.93532,101.67461
PJY-I-143,2.93589,101.67431
PJY-I-144,2.93612,101.67494
PJY-I-145,2.9365,101.67432
PJY-I-146,2.973012,101.674607
PJY-I-147,2.93664,101.67407
PJY-I-148,2.93707,101.67378
PJY-I-149,2.93776,101.67413
PJY-I-150,2.93755,101.67461
PJY-I-151,2.94057,101.67343
PJY-I-152,2.94115,101.67546
PJY-I-153,2.9406,101.67503
PJY-I-154,2.94102,101.67487
PJY-I-155,2.941568,101.675318
PJY-I-156,2.94049,101.67575
PJY-I-157,2.940832,101.675792
PJY-I-158,2.939673,101.674938
PJY-I-159,2.940424,101.675213
PJY-I-160,2.940452,101.676386
PJY-I-161,2.94008,101.67625
PJY-I-162,2.93974,101.67564
PJY-I-163,2.941636,101.678032
PJY-I-164,2.93525,101.67575
PJY-I-165,2.93511,101.67837
PJY-I-166,2.93581,101.67875
PJY-I-167,2.93649,101.67916
PJY-I-168,2.93727,101.67958
PJY-I-169,2.93783,101.67886
PJY-I-170,2.93705,101.67867
PJY-I-171,2.93655,101.67834
PJY-I-172,2.93603,101.67802
PJY-I-173,2.93438,101.6768
PJY-I-174,2.93395,101.67623
PJY-I-175,2.93367,101.67563
PJY-I-176,2.93338,101.67638
PJY-I-177,2.93322,101.67715
PJY-I-178,2.933368,101.67759
PJY-I-179,2.93443,101.67818
PJY-I-180,2.93523,101.67798
PJY-I-181,2.9349,101.67723
PJY-I-182,2.93651,101.67233
PJY-I-183,2.9386,101.67687
PJY-I-184,2.93828,101.677241
PJY-I-185,2.93828,101.67662
PJY-I-186,2.93827,101.6761
PJY-I-187,2.93845,101.67523
PJY-I-188,2.93903,101.67524
PJY-I-189,2.93898,101.67599
PJY-I-190,2.94034,101.67676
PJY-I-191,2.941,101.67726
PJY-I-192,2.94055,101.6778
PJY-I-193,2.9401,101.67764
PJY-I-194,2.93975,101.67762
PJY-I-195,2.93981,101.67684
PJY-I-196,2.93857,101.67887
PJY-I-197,2.93859,101.67964
PJY-I-198,2.93976,101.6802
PJY-I-199,2.94054,101.68066
PJY-I-200,2.94144,101.68069
PJY-I-201,2.94123,101.68024
PJY-I-202,2.93936,101.6799
PJY-I-203,2.93926,101.67937
PJY-J-001,2.95091,101.68866
PJY-J-002,2.95077,101.68932
PJY-J-003,2 950910,101.69054
PJY-J-004,2.95213,101.68969
PJY-J-005,2.94185,101.68638
PJY-J-006,2.94296,101.68668
PJY-J-007,2.94353,101.68685
PJY-J-008,2.94415,101.68713
PJY-J-009,2 944640,101.68725
PJY-J-010,2.94517,101.68768
PJY-J-011,2.94583,101.68799
PJY-J-012,2.94685,101.68813
PJY-J-013,2.9476,101.68788
PJY-J-014,2.9481,101.68752
PJY-J-015,2 948480,101.68744
PJY-J-016,2.95243,101.68676
PJY-J-017,2.95169,101.68644
PJY-J-018,2.95301,101.68709
PJY-J-019,2.95358,101.68755
PJY-J-020,2.95378,101.68793
PJY-J-021,2.95408,101.68855
PJY-J-022,2.954315,101.689475
PJY-J-023,2.954291,101.690098
PJY-J-024,2.95383,101.69114
PJY-J-025,2.95345,101.69148
PJY-J-026,2.95274,101.69191
PJY-J-027,2.952169,101.691264
PJY-J-028,2.95278,101.69097
PJY-J-029,2.95327,101.69048
PJY-J-030,2.95374,101.69015
PJY-J-031,2.95347,101.68845
PJY-J-032,2.95286,101.68841
PJY-J-033,2.95256,101.68776
PJY-J-034,2.95184,101.68745
PJY-J-035,2.9512,101.68728
PJY-J-036,2.950947,101.687001
PJY-J-037,2.951,101.68793
PJY-J-038,2.951,101.68622
PJY-J-039,2 950820,101.68583
PJY-J-040,2.95053,101.68589
PJY-J-041,2.95059,101.68531
PJY-J-042,2.9504,101.68517
PJY-J-043,2.95092,101.68483
PJY-J-044,2.9513,101.68523
PJY-J-045,2 951690,101.6849
PJY-J-046,2.95197,101.68544
PJY-J-047,2.95246,101.68475
PJY-J-048,2.952822,101.685056
PJY-J-049,2.95268,101.68568
PJY-J-050,2.953176,101.685148
PJY-J-051,2 953270,101.68596
PJY-J-052,2.95385,101.68571
PJY-J-053,2.9539,101.6864
PJY-J-054,2.95402,101.68622
PJY-J-055,2.95435,101.68698
PJY-J-056,2.95465,101.68684
PJY-J-057,2.95496,101.68752
PJY-J-058,2.95508,101.68825
PJY-J-059,2.95446,101.6882
PJY-J-060,2.95415,101.68755
PJY-J-061,2.95373,101.68691
PJY-J-062,2.95317,101.68645
PJY-J-063,2.95255,101.68617
PJY-J-064,2.95203,101.686
PJY-J-065,2.95141,101.68587
PJY-J-066,2.94893,101.68781
PJY-J-067,2.94795,101.68845
PJY-J-068,2.94675,101.68873
PJY-J-069,2.94566,101.68839
PJY-J-070,2.94394,101.68776
PJY-J-071,2.94321,101.687629
PJY-J-072,2.9437,101.6867
PJY-J-073,2.94361,101.68537
PJY-J-074,2.94348,101.68537
PJY-J-075,2.94366,101.68639
PJY-J-076,2.94297,101.68515
PJY-J-077,2.94285,101.68565
PJY-J-078,2.94288,101.68618
PJY-J-079,2.94224,101.68481
PJY-J-080,2.94214,101.68539
PJY-J-081,2.94218,101.68623
PJY-J-082,2.94377,101.68455
PJY-J-083,2.94428,101.68392
PJY-J-084,2.94393,101.68357
PJY-J-085,2.94322,101.68343
PJY-J-086,2.94236,101.68363
PJY-J-087,2.94202,101.68428
PJY-J-088,2.94335,101.68443
PJY-J-089,2.94378,101.68402
PJY-J-090,2.94274,101.68393
PJY-J-091,2.94323,101.68378
PJY-J-092,2.9447,101.68382
PJY-J-093,2.94542,101.68425
PJY-J-094,2.94543,101.68507
PJY-J-095,2.94509,101.68556
PJY-J-096,2.94404,101.68665
PJY-J-097,2.9445,101.68597
PJY-J-098,2.94467,101.68642
PJY-J-099,2.94445,101.68691
PJY-J-100,2.94525,101.68622
PJY-J-101,2.94531,101.68674
PJY-J-102,2.9452,101.68722
PJY-J-103,2.94841,101.68705
PJY-J-104,2.94819,101.68662
PJY-J-105,2.9484,101.68715
PJY-J-106,2.94761,101.68675
PJY-J-107,2.94756,101.6876
PJY-J-108,2.94667,101.68707
PJY-J-109,2.94649,101.68774
PJY-J-110,2.94606,101.68683
PJY-J-111,2.94565,101.68741
PJY-J-112,2.948702,101.686907
PJY-J-113,2.948472,101.686299
PJY-J-114,2.94926,101.68629
PJY-J-115,2.94921,101.68575
PJY-J-116,2.94922,101.68516
PJY-J-117,2.94882,101.68578
PJY-J-118,2.94847,101.68516
PJY-J-119,2.94761,101.68487
PJY-J-120,2.94773,101.68558
PJY-J-121,2.94807,101.68613
PJY-J-122,2.947165,101.685262
PJY-J-123,2.94651,101.68572
PJY-J-124,2.94596,101.68611
PJY-J-125,2.94597,101.6858
PJY-J-126,2.94641,101.68651
PJY-J-127,2.94709,101.68596
PJY-J-128,2.94742,101.68642
PJY-J-129,2.94663,101.68535
PJY-J-130,2.94614,101.68523
PJY-J-131,2.94677,101.68479
PJY-J-132,2.94608,101.68457
PJY-J-133,2.9446,101.68441
PJY-J-134,2.94417,101.68491
PJY-J-135,2.94502,101.68472
PJY-J-136,2.94461,101.6853
PJY-J-137,2.95463,101.69033
PJY-J-138,2.95489,101.68987
PJY-J-139,2.95417,101.6909
PJY-J-140,2.95379,101.69164
PJY-J-141,2.95342,101.69217
PJY-J-142,2.95289,101.69256
PJY-J-143,2.95269,101.69232
PJY-J-144,2.95222,101.69292
PJY-J-145,2.95164,101.69261
PJY-J-146,2.9508,101.69179
PJY-J-147,2.95081,101.6923
PJY-J-148,2.95056,101.69292
PJY-J-149,2.95135,101.69315
PJY-J-150,2.9449,101.68775
PJY-J-151,2.94463,101.68821
PJY-J-152,2.94317,101.68758
PJY-J-153,2.94228,101.68717
PJY-J-154,2.9422,101.68751
PJY-J-155,2.9428,101.68767
PJY-J-156,2.94291,101.68695
PJY-K-001,2.95904,101.68514
PJY-K-002,2.95944,101.68515
PJY-K-003,2.95852,101.68552
PJY-K-004,2.95879,101.6851
PJY-K-005,2.95808,101.68533
PJY-K-006,2.95722,101.6862
PJY-K-007,2.95688,101.68544
PJY-K-008,2.9572,101.68496
PJY-K-009,2.957627,101.685927
PJY-K-010,2.95643,101.68509
PJY-K-011,2.95584,101.68539
PJY-K-012,2.95513,101.68468
PJY-K-013,2.95563,101.6848
PJY-K-014,2.95619,101.68454
PJY-K-015,2.95678,101.68446
PJY-K-016,2.95575,101.68426
PJY-K-017,2.95533,101.68324
PJY-K-018,2.95529,101.6825
PJY-K-019,2.95557,101.68199
PJY-K-020,2.95652,101.68092
PJY-K-021,2.95754,101.68137
PJY-K-022,2.95724,101.68213
PJY-K-023,2.95703,101.68116
PJY-K-024,2.95672,101.68181
PJY-K-025,2.95621,101.68173
PJY-K-026,2.95606,101.68223
PJY-K-027,2.9559,101.68314
PJY-K-028,2.95638,101.68317
PJY-K-029,2.95657,101.6824
PJY-K-030,2.95704,101.68342
PJY-K-031,2.95714,101.6825
PJY-K-032,2.95639,101.68565
PJY-K-033,2.95659,101.68619
PJY-K-034,2.95688,101.68694
PJY-K-035,2.95641,101.68707
PJY-K-036,2.95601,101.68597
PJY-K-037,2.95735,101.68654
PJY-K-038,2.95732,101.68748
PJY-K-039,2.95802,101.68747
PJY-K-040,2.95753,101.68803
PJY-K-041,2.95793,101.6863
PJY-K-042,2.9589,101.68166
PJY-K-043,2.95938,101.68164
PJY-K-044,2.95886,101.68238
PJY-K-045,2.95886,101.6836
PJY-K-046,2.95852,101.68285
PJY-K-047,2.95821,101.68276
PJY-K-048,2.95801,101.68237
PJY-K-049,2.95832,101.68169
PJY-K-050,2.95866,101.68219
PJY-K-051,2.95796,101.68327
PJY-K-052,2.957806,101.683646
PJY-K-053,2.95795,101.68392
PJY-K-054,2.95805,101.68476
PJY-K-055,2.95853,101.68435
PJY-K-056,2.95877,101.6843
PJY-K-057,2.95842,101.68357
PJY-K-058,2.95888,101.68581
PJY-K-059,2.95905,101.68129
PJY-K-060,2.95849,101.68139
PJY-K-061,2.95868,101.68105
PJY-K-062,2.95882,101.6804
PJY-K-063,2.95887,101.67986
PJY-K-064,2.95888,101.67943
PJY-K-065,2.9598,101.67985
PJY-K-066,2.95939,101.67994
PJY-K-067,2.95937,101.68053
PJY-K-068,2.95941,101.68105
PJY-K-069,2.95942,101.68243
PJY-K-070,2.95944,101.68279
PJY-K-071,2.95949,101.68378
PJY-K-072,2.9595,101.68433
PJY-K-073,2.959451,101.685977
PJY-K-074,2.94887,101.67783
PJY-K-075,2.94862,101.67736
PJY-K-076,2.94791,101.67781
PJY-K-077,2.94813,101.67847
PJY-K-078,2.948552,101.679359
PJY-K-079,2.948923,101.679818
PJY-K-080,2.94934,101.68034
PJY-K-081,2.94977,101.68068
PJY-K-082,2.94972,101.68153
PJY-K-083,2.94947,101.68111
PJY-K-084,2.94903,101.68089
PJY-K-085,2.94868,101.68021
PJY-K-086,2.94831,101.68007
PJY-K-087,2.94778,101.67921
PJY-K-088,2.94748,101.67863
PJY-K-089,2.9473,101.67777
PJY-K-090,2.94762,101.67755
PJY-K-091,2.94861,101.67832
PJY-K-092,2.94931,101.67845
PJY-K-093,2.9493,101.67935
PJY-K-094,2.9499,101.67909
PJY-K-095,2.95062,101.6794
PJY-K-096,2.95136,101.6785
PJY-K-097,2.95033,101.67984
PJY-K-098,2.95029,101.6777
PJY-K-099,2.9508,101.67748
PJY-K-100,2.95113,101.67683
PJY-K-101,2.95048,101.67639
PJY-K-102,2.9536,101.67442
PJY-K-103,2.95357,101.67376
PJY-K-104,2.95417,101.67437
PJY-K-105,2.95397,101.67336
PJY-K-106,2.95475,101.67426
PJY-K-107,2.95885,101.67647
PJY-K-108,2.95962,101.67641
PJY-K-109,2.96019,101.67696
PJY-K-110,2.95969,101.67738
PJY-K-111,2.95914,101.67698
PJY-K-112,2.96026,101.67776
PJY-K-113,2.96028,101.67841
PJY-K-114,2.96104,101.67847
PJY-K-115,2.96167,101.67845
PJY-K-116,2.96065,101.67908
PJY-K-117,2.96159,101.6791
PJY-K-118,2.95974,101.67896
PJY-K-119,2.95726,101.67611
PJY-K-120,2.95774,101.6769
PJY-K-121,2.95804,101.67632
PJY-K-122,2.9573,101.67529
PJY-K-123,2.95723,101.67471
PJY-K-124,2.95681,101.67381
PJY-K-125,2.95636,101.67451
PJY-K-126,2.95676,101.67515
PJY-K-127,2.95034,101.67873
PJY-K-128,2.94971,101.67891
PJY-K-129,2.94933,101.67847
PJY-K-130,2.94926,101.67782
PJY-K-131,2.95183,101.67795
PJY-K-132,2.95233,101.67793
PJY-K-133,2.95322,101.67776
PJY-K-134,2.95414,101.6777
PJY-K-135,2.95456,101.67712
PJY-K-136,2.95345,101.67697
PJY-K-137,2.95268,101.67705
PJY-K-138,2.95185,101.6771
PJY-K-139,2.95131,101.67751
PJY-K-140,2.95636,101.67317
PJY-K-141,2.95569,101.67289
PJY-K-142,2.95485,101.67236
PJY-K-143,2.95487,101.67299
PJY-K-144,2.95405,101.67255
PJY-K-145,2.95332,101.67296
PJY-K-146,2.95346,101.67363
PJY-K-147,2.95461,101.67352
PJY-K-148,2.948793,101.678839
PJY-K-149,2.969038,101.673532
PJY-K-150,2.968478,101.673831
PJY-K-151,2.96889,101.675087
PJY-K-152,2.969734,101.674796
PJY-K-153,2.96872,101.674437
PJY-K-154,2.969235,101.674119
PJY-K-155,2.969898,101.674069
PJY-K-156,2.969805,101.67374
PJY-K-157,2.957974,101.680067
PJY-K-158,2.95795,101.680829
PJY-K-159,2.957681,101.680829
PJY-K-160,2.957554,101.680914
PJY-K-161,2.957707,101.675009
PJY-K-162,2.95724,101.674342
PJY-K-163,2.94885,101.6785
PJY-K-164,2.957682,101.673983
PJY-K-165,2.958228,101.674624
PJY-K-166,2.958934,101.675113
PJY-K-167,2.959467,101.67571
PJY-K-168,2.959829,101.675872
PJY-K-169,2.960128,101.67691
PJY-K-170,2.956307,101.670519
PJY-K-171,2.95548,101.670811
PJY-K-172,2.955294,101.670408
PJY-K-173,2.955646,101.670086
PJY-K-174,2.957783,101.665405
PJY-K-175,2.963883,101.665925
PJY-K-176,2.964323,101.665816
PJY-K-177,2.964435,101.666272
PJY-K-178,2.96327,101.665191
PJY-K-179,2.962112,101.66433
PJY-K-180,2.961779,101.663654
PJY-K-181,2.962564,101.663769
PJY-K-182,2.963126,101.663761
PJY-K-183,2.962935,101.664305
PJY-K-184,2.963875,101.663799
PJY-K-185,2.964387,101.664162
PJY-K-186,2.964374,101.663496
PJY-K-187,2.963902,101.66464
PJY-K-188,2.970042,101.671098
PJY-K-189,2.969454,101.671521
PJY-K-190,2.970105,101.672615
PJY-K-191,2.970648,101.672289
PJY-K-192,2.970378,101.67164
PJY-K-193,2.969735,101.672003
PJY-K-194,2.97099,101.672784
PJY-K-195,2.9704,101.673129
PJY-K-196,2.969939,101.675389
PJY-K-197,2.970403,101.675536
PJY-K-198,2.970426,101.673613
PJY-K-199,2.970868,101.673798
PJY-K-200,2.970131,101.674782
PJY-K-201,2.970574,101.674921
PJY-K-202,2.970734,101.674363
PJY-K-203,2.970258,101.674186
PJY-K-204,2.967313,101.670634
PJY-K-205,2.96557,101.670478
PJY-K-206,2.965913,101.67053
PJY-K-207,2.966348,101.671258
PJY-K-208,2.966943,101.671564
PJY-K-209,2.966801,101.67103
PJY-K-210,2.966352,101.670354
PJY-K-211,2.966022,101.668608
PJY-K-212,2.965292,101.668852
PJY-K-213,2.965489,101.669139
PJY-K-214,2.96535,101.669619
PJY-K-215,2.966153,101.669431
PJY-K-216,2.96602,101.667488
PJY-K-217,2.96569,101.66692
PJY-K-218,2.9654,101.66772
PJY-K-219,2.9645,101.66761
PJY-K-220,2.96551,101.66789
PJY-K-221,2.9654,101.66848
PJY-K-222,2.96605,101.6682
PJY-K-223,2.96526,101.66697
PJY-K-224,2.96461,101.667
PJY-K-225,2.96242,101.66737
PJY-K-226,2.96316,101.6669
PJY-K-227,2.96298,101.66639
PJY-K-228,2.96241,101.66585
PJY-K-229,2.96185,101.66661
PJY-K-230,2.96178,101.66727
PJY-K-231,2.96222,101.66798
PJY-K-232,2.96302,101.66748
PJY-K-233,2.9634,101.66685
PJY-K-234,2.96335,101.66844
PJY-K-235,2.96322,101.66799
PJY-K-236,2.96407,101.66859
PJY-K-237,2.96389,101.66798
PJY-K-238,2.96417,101.66924
PJY-K-239,2.96444,101.66988
PJY-K-240,2.96217,101.66901
PJY-K-241,2.96142,101.66903
PJY-K-242,2.96076,101.66886
PJY-K-243,2.960242,101.6687
PJY-K-244,2.960421,101.66931
PJY-K-245,2.96116,101.66945
PJY-K-246,2.96191,101.6695
PJY-K-247,2.96255,101.6694
PJY-K-248,2.96336,101.66915
PJY-K-249,2.96376,101.66972
PJY-K-250,2.96307,101.67005
PJY-K-251,2.96225,101.67059
PJY-K-252,2.96163,101.67113
PJY-K-253,2.96201,101.67019
PJY-K-254,2.96105,101.67039
PJY-K-255,2.96131,101.67011
PJY-K-256,2.96043,101.66706
PJY-K-257,2.959693,101.666344
PJY-K-258,2.96157,101.66559
PJY-K-259,2.96165,101.66521
PJY-K-260,2.96122,101.66605
PJY-K-261,2.96056,101.66596
PJY-K-262,2.96073,101.66503
PJY-K-263,2.96362,101.67097
PJY-K-264,2.96287,101.67142
PJY-K-265,2.96216,101.67164
PJY-K-266,2.96155,101.67184
PJY-K-267,2.96203,101.67258
PJY-K-268,2.96143,101.67253
PJY-K-269,2.96351,101.6725
PJY-K-270,2.96287,101.6727
PJY-K-271,2.9624,101.67213
PJY-K-272,2.96307,101.67207
PJY-K-273,2.964189,101.673572
PJY-K-274,2.96476,101.67363
PJY-K-275,2.96483,101.67443
PJY-K-276,2.964356,101.674064
PJY-K-277,2.96466,101.67286
PJY-K-278,2.964047,101.673024
PJY-K-279,2.96441,101.67233
PJY-K-280,2.96395,101.6724
PJY-K-281,2.96423,101.6719
PJY-K-282,2.96358,101.67192
PJY-K-283,2.96374,101.67129
PJY-K-284,2.96407,101.67091
PJY-K-285,2.96442,101.67106
PJY-K-286,2.96473,101.67175
PJY-K-287,2.96487,101.67234
PJY-K-288,2.96534,101.67265
PJY-K-289,2.96525,101.67342
PJY-K-290,2.96574,101.67374
PJY-K-291,2.96547,101.67403
PJY-K-292,2.96577,101.67448
PJY-K-293,2.9653,101.67477
PJY-K-294,2.96416,101.67458
PJY-K-295,2.96351,101.67515
PJY-K-296,2.96408,101.67581
PJY-K-297,2.96492,101.67603
PJY-K-298,2.96412,101.67495
PJY-K-299,2.96466,101.67518
PJY-K-300,2.96547,101.67547
PJY-K-301,2.96565,101.67633
PJY-K-302,2.966,101.67511
PJY-K-303,2.96625,101.67591
PJY-K-304,2.96645,101.6765
PJY-K-305,2.967659,101.674796
PJY-K-306,2.967451,101.675328
PJY-K-307,2.967152,101.675984
PJY-K-308,2.96682,101.67528
PJY-K-309,2.96705,101.67458
PJY-K-310,2.967271,101.673925
PJY-K-311,2.96652,101.67399
PJY-K-312,2.9664,101.67334
PJY-K-313,2.966926,101.673209
PJY-K-314,2.96731,101.67361
PJY-K-315,2.96536,101.67827
PJY-K-316,2.96404,101.67919
PJY-K-317,2.96311,101.67932
PJY-K-318,2.96341,101.67854
PJY-K-319,2.965207,101.672133
PJY-K-320,2.965634,101.673168
PJY-K-321,2.580095,101.410718
PJY-K-322,2.579791,101.410938
PJY-K-323,2.572009,101.406197
PJY-K-324,2.571429,101.405903
PJY-K-325,2.570891,101.40565
PJY-K-326,2.57218,101.405854
PJY-K-327,2.572575,101.406095
PJY-K-328,2.573683,101.408793
PJY-L-001,2.95816,101.70415
PJY-L-002,2.9574,101.70382
PJY-L-003,2.95767,101.70295
PJY-L-004,2.95863,101.70262
PJY-L-005,2.95778,101.70243
PJY-L-006,2.9595,101.70607
PJY-L-007,2.95989,101.7053
PJY-L-008,2.95983,101.70496
PJY-L-009,2.95952,101.70665
PJY-L-010,2.96009,101.70725
PJY-L-011,2.95952,101.70714
PJY-L-012,2.95885,101.70648
PJY-L-013,2.95841,101.7069
PJY-L-014,2.95903,101.70753
PJY-L-015,2.95854,101.70803
PJY-L-016,2.95796,101.70741
PJY-L-017,2.96,101.70768
PJY-L-018,2.95935,101.70949
PJY-M-001,2.96264,101.69585
PJY-M-002,2.96,101.69547
PJY-M-003,2.95957,101.69638
PJY-M-004,2.96025,101.69453
PJY-M-005,2.96596,101.69458
PJY-M-006,2.96732,101.69427
PJY-M-007,2.96959,101.69189
PJY-M-008,2.97132,101.69226
PJY-M-009,2.97192,101.69212
PJY-M-010,2.96361,101.69805
PJY-M-011,2.97089,101.69241
PJY-N-001,2.948533,101.718213
PJY-N-002,2.947895,101.718543
PJY-N-003,2.947095,101.718901
PJY-N-004,2.946865,101.71977
PJY-N-005,2.947063,101.720496
PJY-N-006,2.947422,101.720951
PJY-N-007,2.948357,101.720742
PJY-N-008,2.951146,101.715516
PJY-N-009,2.9479,101.71751
PJY-N-010,2.94727,101.71774
PJY-N-011,2.94657,101.71838
PJY-N-012,2.94574,101.71822
PJY-N-013,2.94477,101.71838
PJY-N-014,2.94405,101.71757
PJY-N-015,2.94366,101.71709
PJY-N-016,2.9437,101.71642
PJY-N-017,2.94512,101.71595
PJY-N-018,2.94578,101.71619
PJY-N-019,2.94579,101.71699
PJY-N-020,2.94458,101.71754
PJY-N-021,2.94648,101.71707
PJY-N-022,2.94528,101.71658
PJY-N-023,2.94438,101.71674
PJY-N-024,2.94743,101.71476
PJY-N-025,2.94812,101.71487
PJY-N-026,2.94775,101.71401
PJY-N-027,2.94873,101.71484
PJY-N-028,2.94528,101.71658
PJY-N-029,2.94885,101.714045
PJY-N-030,2.95026,101.71503
PJY-N-031,2.94969,101.71505
PJY-N-032,2.9494,101.71449
PJY-N-033,2.95083,101.71484
PJY-N-034,2.950323,101.713525
PJY-N-035,2.951966,101.715888
PJY-N-036,2.951618,101.715196
PJY-N-037,2.9544,101.71999
PJY-N-038,2.95388,101.7196
PJY-N-039,2.954554,101.719431
PJY-N-040,2.95393,101.71909
PJY-N-041,2.95445,101.7188
PJY-N-042,2.9544,101.72176
PJY-N-043,2.9537,101.72178
PJY-N-044,2.95264,101.72147
PJY-N-045,2.95358,101.72125
PJY-N-046,2.954504,101.720968
PJY-N-047,2.953918,101.720664
PJY-N-048,2.953237,101.720793
PJY-N-049,2.952879,101.716344
PJY-N-050,2.953382,101.71565
PJY-N-051,2.952887,101.715425
PJY-N-052,2.952567,101.716034
PJY-N-053,2.954418,101.716124
PJY-N-054,2.954039,101.716657
PJY-N-055,2.953522,101.716936
PJY-N-056,2.954517,101.716824
PJY-N-057,2.954054,101.717422
PJY-N-058,2.950869,101.725966
PJY-N-059,2.950078,101.725558
PJY-N-060,2.95006,101.726172
PJY-N-061,2.950364,101.726643
PJY-N-062,2.95261,101.73191
PJY-N-063,2.95163,101.73194
PJY-N-064,2.95101,101.73129
PJY-N-065,2.95209,101.73125
PJY-N-066,2.94494,101.71963
PJY-N-067,2.94565,101.7201
PJY-N-068,2.94582,101.7195
PJY-N-069,2.946165,101.720527
PJY-N-070,2.9468,101.72089
PJY-N-071,2.94768,101.7199
PJY-N-072,2.94812,101.71931
PJY-N-073,2.94878,101.71885
PJY-N-074,2.94902,101.71845
PJY-N-075,2.94917,101.71931
PJY-N-076,2.9494,101.7199
PJY-N-077,2.94947,101.71777
PJY-N-078,2.94988,101.71812
PJY-N-079,2.94995,101.71725
PJY-N-080,2.95038,101.71774
PJY-N-081,2.95045,101.71671
PJY-N-082,2.951,101.71748
PJY-N-083,2.95112,101.71642
PJY-N-084,2.95147,101.71748
PJY-N-085,2.95187,101.71642
PJY-N-086,2.95227,101.71733
PJY-N-087,2.95248,101.71674
PJY-N-088,2.95282,101.72195
PJY-N-089,2.95378,101.72189
PJY-N-090,2.954456,101.7219
PJY-N-091,2.95453,101.72263
PJY-N-092,2.9545,101.7234
PJY-N-093,2.95448,101.72432
PJY-N-094,2.95352,101.72362
PJY-N-095,2.95297,101.72359
PJY-N-096,2.9528,101.72283
PJY-N-097,2.95232,101.72572
PJY-N-098,2.95215,101.72643
PJY-N-099,2.9516,101.72623
PJY-N-100,2.95115,101.72559
PJY-N-101,2.95123,101.7249
PJY-N-102,2.95182,101.7252
PJY-N-103,2.95157,101.72538
PJY-N-104,2.95418,101.7265
PJY-N-105,2.95338,101.72653
PJY-N-106,2.95252,101.72653
PJY-N-107,2.952526,101.725925
PJY-N-108,2.952399,101.72531
PJY-N-109,2.952255,101.724741
PJY-N-110,2.952533,101.724568
PJY-N-111,2.95286,101.724165
PJY-N-112,2.953571,101.724486
PJY-N-113,2.954108,101.725092
PJY-N-114,2.954233,101.72579
PJY-N-115,2.95364,101.725851
PJY-N-116,2.953227,101.725838
PJY-O-001,2.93984,101.72166
PJY-O-002,2.93914,101.72166
PJY-O-003,2.93877,101.72125
PJY-O-004,2.938841,101.720884
PJY-O-005,2.93987,101.72072
PJY-O-006,2.9405,101.72071
PJY-O-007,2.94097,101.72092
PJY-O-008,2.94152,101.72078
PJY-O-009,2.94198,101.72088
PJY-O-010,2.941646,101.721336
PJY-O-011,2.94081,101.72148
PJY-O-012,2.9405,101.72087
PJY-O-013,2.94246,101.72032
PJY-O-014,2.942,101.71996
PJY-O-015,2.94277,101.71964
PJY-O-016,2.94327,101.71946
PJY-O-017,2.9431,101.72072
PJY-O-018,2.94269,101.72127
PJY-O-019,2.94514,101.72099
PJY-O-020,2.94498,101.72147
PJY-O-021,2.94484,101.72203
PJY-O-022,2.94448,101.72189
PJY-O-023,2.9438,101.72192
PJY-O-024,2.94393,101.72235
PJY-O-025,2.94395,101.72322
PJY-O-026,2.94455,101.72384
PJY-O-027,2.94505,101.72346
PJY-O-028,2.94504,101.72255
PJY-O-029,2.9454,101.72195
PJY-O-030,2.94572,101.72099
PJY-O-031,2.94606,101.72168
PJY-O-032,2.94639,101.72229
PJY-O-033,2.94647,101.72299
PJY-O-034,2.94614,101.72298
PJY-O-035,2.94546,101.72259
PJY-O-036,2.94554,101.72326
PJY-O-037,2.94552,101.72422
PJY-O-038,2.93229,101.67354
PJY-O-039,2.94676,101.72357
PJY-O-040,2.94658,101.72408
PJY-O-041,2.94711,101.72478
PJY-O-042,2.939859,101.715643
PJY-O-043,2.94009,101.71613
PJY-O-044,2.93926,101.71681
PJY-O-045,2.9391,101.7176
PJY-O-046,2.9391,101.71651
PJY-O-047,2.9391,101.71552
PJY-O-048,2.93951,101.71556
PJY-O-049,2.93851,101.71618
PJY-O-050,2.93774,101.71608
PJY-O-051,2.93718,101.71473
PJY-O-052,2.93796,101.71494
PJY-O-053,2.9375,101.71513
PJY-O-054,2.93634,101.71597
PJY-O-055,2.93584,101.71673
PJY-O-056,2.93543,101.71582
PJY-O-057,2.93518,101.71658
PJY-O-058,2.93477,101.71564
PJY-O-059,2.9346,101.71638
PJY-O-060,2.93447,101.71551
PJY-O-061,2.93411,101.71416
PJY-O-062,2.9344,101.71349
PJY-O-063,2.93502,101.71357
PJY-O-064,2.93462,101.71432
PJY-O-065,2.93448,101.71474
PJY-O-066,2.93498,101.71498
PJY-O-067,2.93521,101.71465
PJY-O-068,2.93553,101.714
PJY-O-069,2.93608,101.71406
PJY-O-070,2.93571,101.71478
PJY-O-071,2.93554,101.71512
PJY-O-072,2.93637,101.71507
PJY-O-073,2.93676,101.71437
PJY-O-074,2.93704,101.71498
PJY-O-075,2.93199,101.71491
PJY-O-076,2.93192,101.71558
PJY-O-077,2.93235,101.71691
PJY-O-078,2.93285,101.71775
PJY-O-079,2.93304,101.71836
PJY-O-080,2.93409,101.71777
PJY-O-081,2.93346,101.71726
PJY-O-082,2.9332,101.71638
PJY-O-083,2.93315,101.71552
PJY-O-084,2.93317,101.71483
PJY-O-085,2.93242,101.71506
PJY-O-086,2.93241,101.71535
PJY-O-087,2.93248,101.71609
PJY-O-088,2.93279,101.71686
PJY-O-089,2.93352,101.71277
PJY-O-090,2.93375,101.71197
PJY-O-091,2.93308,101.71188
PJY-O-092,2.93255,101.71323
PJY-O-093,2.93199,101.7138
PJY-O-094,2.93116,101.71401
PJY-O-095,2.93036,101.71394
PJY-O-096,2.93065,101.71478
PJY-O-097,2.9311,101.71547
PJY-O-098,2.93127,101.71629
PJY-O-099,2.93143,101.71686
PJY-O-100,2.93185,101.7175
PJY-O-101,2.93213,101.7183
PJY-O-102,2.93248,101.71871
PJY-O-103,2.93202,101.71289
PJY-O-104,2.93136,101.7133
PJY-O-105,2.93048,101.71329
PJY-O-106,2.9301,101.71269
PJY-O-107,2.93105,101.71272
PJY-O-108,2.9314,101.71246
PJY-P-001,2.93209,101.70563
PJY-P-002,2.932009,101.704856
PJY-P-003,2.93222,101.70413
PJY-P-004,2.93198,101.70322
PJY-P-005,2.93111,101.70364
PJY-P-006,2.93157,101.70414
PJY-P-007,2.93143,101.70486
PJY-P-008,2.93135,101.70573
PJY-P-009,2.93168,101.70638
PJY-P-010,2.93121,101.69716
PJY-P-011,2.9303,101.69683
PJY-P-012,2.9318,101.69728
PJY-P-013,2.93611,101.71049
PJY-P-014,2.93557,101.7103
PJY-P-015,2.93518,101.70991
PJY-P-016,2.93457,101.71047
PJY-P-017,2.93453,101.71115
PJY-P-018,2.93505,101.71152
PJY-P-019,2.93589,101.71129
PJY-P-020,2.93243,101.70885
PJY-P-021,2.93202,101.70796
PJY-P-022,2.93168,101.70728
PJY-P-023,2.93112,101.7075
PJY-P-024
PJY-P-025,2.93284,101.71006
PJY-P-026,2.93212,101.70792
PJY-P-027,2.93141,101.70932
PJY-P-028,2.93127,101.70898
PJY-P-029,2.93318,101.70889
PJY-P-030,2.93304,101.70835
PJY-P-031,2.93398,101.70839
PJY-P-032,2.93435,101.709
PJY-P-033,2.93382,101.70956
PJY-P-034,2.92974,101.69644
PJY-P-035,2.93254,101.70721
PJY-P-036,2.93198,101.70695
PJY-P-037,2.9321,101.70769
PJY-P-038,2.93324,101.70821
PJY-P-039,2.93381,101.70757
PJY-P-040,2.92772,101.70042
PJY-P-041,2.92686,101.70013
PJY-P-042,2.92912,101.70065
PJY-P-043,2.92925,101.70037
PJY-P-044,2.9298,101.69956
PJY-P-045,2.928356,101.699968
PJY-P-046,2.93429,101.70858
PJY-P-047,2.93421,101.7082
PJY-P-048,2.93358,101.7016
PJY-P-049,2.93107,101.70677
PJY-P-050,2.93081,101.70624
PJY-P-051,2.93043,101.70643
PJY-P-052,2.930474,101.705807
PJY-P-053,2.93302,101.70396
PJY-P-054,2.933094,101.704902
PJY-P-055,2.934261,101.707199
PJY-P-056,2.932857,101.706689
PJY-P-057,2.935128,101.707851
PJY-P-058,2.934713,101.707816
PJY-P-059,2.935039,101.708608
PJY-P-060,2.93426,101.70567
PJY-P-061,2.9344,101.70639
PJY-P-062,2.93572,101.70736
PJY-P-063,2.93501,101.70701
PJY-P-064,2.93517,101.71027
PJY-P-065,2.93565,101.70985
PJY-P-066,2.935564,101.708748
PJY-P-067,2.93671,101.70881
PJY-P-068,2.93685,101.70869
PJY-P-069,2.93732,101.70915
PJY-P-070,2.93737,101.70938
PJY-P-071,2.93656,101.70968
PJY-P-072,2.93603,101.70981
PJY-P-073,2.93641,101.70903
PJY-P-074,2.93274,101.70565
PJY-P-075,2.93302,101.70312
PJY-P-076,2.929937,101.705753
PJY-P-077,2.930589,101.705488
PJY-P-078,2.93072,101.704763
PJY-P-079,2.93055,101.70427
PJY-P-080,2.9299,101.70425
PJY-Q-001,2.92705,101.70461
PJY-Q-002,2.92646,101.70467
PJY-Q-003,2.92612,101.70531
PJY-Q-004,2.92786,101.70519
PJY-Q-005,2.9284,101.70541
PJY-Q-006,2.92881,101.7059
PJY-Q-007,2.92891,101.70667
PJY-Q-008,2.92804,101.70669
PJY-Q-009,2.92791,101.70601
PJY-Q-010,2.92738,101.70572
PJY-Q-011,2.92298,101.70488
PJY-Q-012,2.92242,101.70459
PJY-Q-013,2.92159,101.70431
PJY-Q-014,2.92112,101.70496
PJY-Q-015,2.92182,101.70518
PJY-Q-016,2.92283,101.70561
PJY-Q-017,2.92322,101.70581
PJY-Q-018,2.9239,101.7061
PJY-Q-019,2.92378,101.70671
PJY-Q-020,2.92323,101.70335
PJY-Q-021,2.92323,101.70399
PJY-Q-022,2.92448,101.70072
PJY-Q-023,2.92526,101.70057
PJY-Q-024,2.9253,101.70103
PJY-Q-025,2.92572,101.70163
PJY-Q-026,2.92566,101.70207
PJY-Q-027,2.92495,101.70176
PJY-Q-028,2.92408,101.70168
PJY-Q-029,2.92375,101.70112
PJY-Q-030,2.92444,101.70132
PJY-Q-031,2.9201,101.70401
PJY-Q-032,2.92072,101.70446
PJY-Q-033,2.92062,101.70516
PJY-Q-034,2.91985,101.70581
PJY-Q-035,2.91921,101.70618
PJY-Q-036,2.91879,101.70637
PJY-Q-037,2.91816,101.70655
PJY-Q-038,2.91785,101.70597
PJY-Q-039,2.91812,101.7052
PJY-Q-040,2.91862,101.70453
PJY-Q-041,2.91925,101.70397
PJY-Q-042,2.91988,101.70483
PJY-Q-043,2.9186,101.70589
PJY-R-001,2.912792,101.694088
PJY-R-002,2.912889,101.693245
PJY-R-003,2.913024,101.692727
PJY-R-004,2.913744,101.693582
PJY-R-005,2.913022,101.693715
PJY-R-006,2.913469,101.692547
PJY-R-007,2.913225,101.694426
PJY-R-008,2.913815,101.694684
PJY-R-009,2.913476,101.695161
PJY-R-010,2.913986,101.695503
PJY-R-011,2.913644,101.696143
PJY-R-012,2.914127,101.696448
PJY-R-013,2.913554,101.696916
PJY-R-014,2.914301,101.697393
PJY-R-015,2.91479,101.696939
PJY-R-016,2.91444,101.696871
PJY-R-017,2.914879,101.697846
PJY-R-018,2.915713,101.697781
PJY-R-019,2.915219,101.697945
PJY-R-020,2.915986,101.698355
PJY-R-021,2.916403,101.697992
PJY-R-022,2.915802,101.698632
PJY-R-023,2.916208,101.698722
PJY-R-024,2.915269,101.689584
PJY-R-025,2.915689,101.698869
PJY-R-026,2.917343,101.699529
PJY-R-027,2.918372,101.698708
PJY-R-028,2.918894,101.697883
PJY-R-029,2.919007,101.698711
PJY-R-030,2.919757,101.698665
PJY-R-031,2.919987,101.698111
PJY-R-032,2.920513,101.697843
PJY-R-033,2.919809,101.697332
PJY-R-034,2.923278,101.698163
PJY-R-035,2.922939,101.697725
PJY-R-036,2.924175,101.697755
PJY-R-037,2.923672,101.697534
PJY-R-038,2.92396,101.696842
PJY-R-039,2.923653,101.696063
PJY-R-040,2.923121,101.696396
PJY-R-041,2.923105,101.696965
PJY-R-042,2.913245,101.690859
PJY-R-043,2.913219,101.690859
PJY-R-044,2.913197,101.689287
PJY-R-045,2.912093,101.689043
PJY-R-046,2.913011,101.688704
PJY-R-047,2.91174,101.688144
PJY-R-048,2.915686,101.696193
PJY-R-049,2.91495,101.696261
PJY-R-050,2.915765,101.69714
PJY-R-051,2.916425,101.69743
PJY-R-052,2.916417,101.696767
PJY-R-053,2.916252,101.696186
PJY-R-054,2.918387,101.694994
PJY-R-055,2.920485,101.695135
PJY-R-056,2.920453,101.69462
PJY-R-057,2.920161,101.694074
PJY-R-058,2.919454,101.693647
PJY-R-059,2.918895,101.693414
PJY-R-060,2.918534,101.693083
PJY-R-061,2.918034,101.693047
PJY-R-062,2.917729,101.69384
PJY-R-063,2.918389,101.694088
PJY-R-064,2.919282,101.694499
PJY-R-065,2.920219,101.694915
PJY-R-066,2.918676,101.692888
PJY-R-067,2.919211,101.693133
PJY-R-068,2.919671,101.693476
PJY-R-069,2.920148,101.69377
PJY-R-070,2.921002,101.694174
PJY-R-071,2.921553,101.693592
PJY-R-072,2.921449,101.692976
PJY-R-073,2.920833,101.69271
PJY-R-074,2.920123,101.692848
PJY-R-075,2.919453,101.692473
PJY-R-076,2.918817,101.692075
PJY-R-077,2.918477,101.692429
PJY-R-078,2.549001,101.416182
PJY-R-079,2.549007,101.416228
PJY-R-080,2.548698,101.415594
PJY-R-081,2.548598,101.414498
PJY-S-001,2.90441,101.68838
PJY-S-002,2.90407,101.68829
PJY-S-003,2.90404,101.68707
PJY-S-004,2.90334,101.68652
PJY-S-005,2.90194,101.68893
PJY-S-006,2.90164,101.68787
PJY-S-007,2.90161,101.68725
PJY-S-008,2.90166,101.68706
PJY-S-009,2.901,101.68745
PJY-S-010,2.90038,101.68764
PJY-S-011,2.90792,101.6888
PJY-S-012,2.90215,101.68937
PJY-S-013,2.90192,101.6899
PJY-S-014,2.90096,101.6901
PJY-S-015,2.90514,101.68736
PJY-S-016,2.90541,101.68652
PJY-S-017,2.90577,101.68714
PJY-S-018,2.90563,101.68597
PJY-S-019,2.90468,101.68567
PJY-T-001,2.88285,101.66856
PJY-T-002,2.8838,101.6688
PJY-T-003,2.88369,101.66849
PJY-T-004,2.88567,101.67307
PJY-T-005,2.885,101.67392
PJY-T-006,2.88555,101.67365
PJY-T-007,2.88627,101.67493
P14-A-001,2.93678,101.69591
P14-A-002,2.9362,101.69598
P14-A-003,2.93474,101.69492
P14-A-004,2.93444,101.69419
P14-A-005,2.93441,101.69517
P14-A-006,2.93454,101.69585
P14-A-007,2.93478,101.69647
P14-A-008,2.93537,101.69703
P14-A-009,2.93609,101.6969
P14-A-010,2.9369,101.69672
P14-A-011,2.9374,101.69601
P14-A-012,2.93746,101.6959
P14-A-013,2.93712,101.69514
P14-A-014,2.93697,101.69441
P14-A-015,2.937041,101.693786
P14-A-016,2.93568,101.69465
P14-A-017,2.93519,101.69482
P14-A-018,2.93527,101.69553
P14-A-019,2.93546,101.69641
P14-A-020,2.93641,101.69461
P14-A-021,2.93861,101.69335
P14-A-022,2.93838,101.69356
P14-A-022,2.93838,101.69356
P14-A-023,2.93769,101.69308
P14-A-024,2.93787,101.69241
P14-A-025,2.93859,101.69131
P14-A-026,2.93944,101.69158
P14-A-027,2.94023,101.69163
P14-A-028,2.93961,101.69226
P14-A-029,2.93902,101.69256
P14-A-030,2.93937,101.69292
P14-A-031,2.9394,101.69383
P14-A-032,2.93909,101.69431
P14-A-033,2.93767,101.7008
P14-A-034,2.93748,101.69943
P14-A-035,2.93631,101.69971
P14-A-036,2.93681,101.69897
P14-A-037,2.93616,101.69869
P14-A-038,2.93571,101.6992
P14-A-039,2.93536,101.69972
P14-A-040,2.93462,101.70007
P14-A-041,2.93539,101.70081
P14-A-042,2.93708,101.70092
P14-A-043,2.937115,101.700918
P14-A-044,2.93775,101.70014
P14-A-045,2.93612,101.70116
P14-A-046,2.93667,101.70071
P14-A-047,2.93711,101.7001
P14-A-048,2.935045,101.698413
P14-A-049,2.93564,101.6919
P14-A-050,2.93491,101.69193
P14-A-051,2.93442,101.69147
P14-A-052,2.93448,101.69067
P14-A-053,2.93507,101.69024
P14-A-054,2.93507,101.69024
P14-A-055,2.93586,101.69023
P14-A-056,2.93606,101.69063
P14-A-057,2.93614,101.69116
P14-A-058,2.939,101.70358
P14-A-059,2.93995,101.70462
P14-A-060,2.93839,101.70598
P14-A-061,2.93783,101.70554
P14-A-062,2.93722,101.70515
P14-A-063,2.93947,101.70544
P14-A-064,2.93891,101.70562
P14-A-065,2.9344,101.70557
P14-A-066,2.93766,101.70504
P14-A-067,2.93722,101.70477
P14-A-068,2.93818,101.70522
P14-A-069,2.93844,101.70377
P14-A-070,2.93907,101.7043
P14-A-071,2.93843,101.70341
P14-A-072,2.93784,101.70313
P14-A-073,2.93855,101.70363
P14-A-074,2.938,101.7034
P14-A-075,2.93657,101.70437
P14-A-076,2.94319,101.69887
P14-A-077,2.94082,101.69925
P14-A-078,2.94032,101.6987
P14-A-079,2.93984,101.69793
P14-A-080,2.93983,101.69716
P14-A-081,2.94043,101.69659
P14-A-082,2.94125,101.69658
P14-A-083,2.94204,101.69788
P14-A-084,2.942,101.69784
P14-A-085,2.94268,101.6983
P14-A-086,2.9397,101.7008
P14-A-087,2.94152,101.70592
P14-A-088,2.94187,101.70546
P14-A-089,2.93944,101.70495
P14-A-090,2.94384,101.69527
P14-A-091,2.94295,101.69375
P14-A-092,2.94271,101.69264
P14-A-093,2.94394,101.69432
P14-A-094,2.94467,101.69502
P14-A-095,2.94572,101.69552
P14-A-096,2.94691,101.69553
P14-A-097,2.95018,101.69958
P14-A-098,2.95144,101.7041
P14-A-099,2.94465,101.6934
P14-A-100,2.94529,101.69431
P14-A-101,2.942984,101.700241
P14-A-102,2.94351,101.69971
P14-A-103,2.94323,101.69936
P14-A-104,2.94257,101.69997
P14-A-105,2.945511,101.700225
P14-A-106,2.946013,101.700107
P14-A-107,2.94586,101.700942
P14-A-108,2.945222,101.701248
P14-A-109,2.945231,101.701755
P14-A-110,2.944749,101.702011
P14-A-111,2.9333,101.69032
P14-A-112,2.932799,101.690046
P14-A-113,2.93242,101.68999
P14-A-114,2.9319,101.68987
P14-A-115,2.93952,101.70535
P14-A-116,2.944686,101.701332
P14-A-117,2.94318,101.705786
P14-A-118,2.94359,101.70699
P14-A-119,2.94357,101.70634
P14-A-120,2.94323,101.70589
P14-A-121,2.94258,101.7059
P14-A-122,2.94382,101.70721
P14-A-123,2.94343,101.70745
P14-A-124,2.94282,101.70747
P14-M-001,2.96264,101.69585
P14-P-001,2.93209,101.70563
P14-P-002,2.93209,101.70563