id,state_id,name
66328d65-344e-4d1c-aac3-85bcb00fc635,b74645e5-3ad2-4dd9-ba72-3b7eb8f16643,Gombak
568f2f60-a98e-4a3f-aa6e-e6da0339c04a,b74645e5-3ad2-4dd9-ba72-3b7eb8f16643,Klang
6e0a4dcb-1e41-4f7e-a2a4-a90dc67447a0,b74645e5-3ad2-4dd9-ba72-3b7eb8f16643,Kuala Langat
42ba7a9a-3278-4c15-8b99-4ec4abc02811,b74645e5-3ad2-4dd9-ba72-3b7eb8f16643,Kuala Selangor
0a0be0ff-ac77-4789-9a16-fc117da16e73,b74645e5-3ad2-4dd9-ba72-3b7eb8f16643,Petaling
37944648-04b1-4f70-aa18-a08b8d15ad37,b74645e5-3ad2-4dd9-ba72-3b7eb8f16643,Sabak Bernam
2753f704-f4db-44e3-8da4-0483372f1397,b74645e5-3ad2-4dd9-ba72-3b7eb8f16643,Sepang
c68f0457-0224-4b48-8fd5-d6a70eb82d14,b74645e5-3ad2-4dd9-ba72-3b7eb8f16643,Ulu Langat
0b72f887-23e7-43f4-ac07-3c99a18e0e78,b74645e5-3ad2-4dd9-ba72-3b7eb8f16643,Ulu Selangor
